{
  "id": "f97b9adf-6265-4ddf-96df-b93e12752527",
  "name": "items",
  "isOverridable": true,
  "entries": [
    {
      "value": "anarchist cookbook",
      "synonyms": [
        "anarchist cookbook",
        "the anarchist cookbook"
      ]
    },
    {
      "value": "best friend",
      "synonyms": [
        "best friend",
        "the best friend"
      ]
    },
    {
      "value": "the bible",
      "synonyms": [
        "the bible",
        "bible"
      ]
    },
    {
      "value": "blank card",
      "synonyms": [
        "blank card",
        "the blank card"
      ]
    },
    {
      "value": "the book of belial",
      "synonyms": [
        "the book of belial",
        "book of belial"
      ]
    },
    {
      "value": "book of revelations",
      "synonyms": [
        "book of revelations",
        "the book of revelations"
      ]
    },
    {
      "value": "book of secrets",
      "synonyms": [
        "book of secrets",
        "the book of secrets"
      ]
    },
    {
      "value": "book of shadows",
      "synonyms": [
        "book of shadows",
        "the book of shadows"
      ]
    },
    {
      "value": "the book of sin",
      "synonyms": [
        "the book of sin",
        "book of sin"
      ]
    },
    {
      "value": "the boomerang",
      "synonyms": [
        "the boomerang",
        "boomerang"
      ]
    },
    {
      "value": "the candle",
      "synonyms": [
        "the candle",
        "blue candle",
        "the blue candle"
      ]
    },
    {
      "value": "the d6",
      "synonyms": [
        "the d6",
        "d6"
      ]
    },
    {
      "value": "the gamekid",
      "synonyms": [
        "the gamekid",
        "gamekid"
      ]
    },
    {
      "value": "the hourglass",
      "synonyms": [
        "the hourglass",
        "hourglass"
      ]
    },
    {
      "value": "the jar",
      "synonyms": [
        "the jar",
        "jar"
      ]
    },
    {
      "value": "kamikaze!",
      "synonyms": [
        "kamikaze!",
        "kamikaze"
      ]
    },
    {
      "value": "the nail",
      "synonyms": [
        "the nail",
        "nail"
      ]
    },
    {
      "value": "the necronomicon",
      "synonyms": [
        "the necronomicon",
        "necronomicon"
      ]
    },
    {
      "value": "the pinking shears",
      "synonyms": [
        "the pinking shears",
        "pinking shears"
      ]
    },
    {
      "value": "the pony",
      "synonyms": [
        "the pony",
        "pony"
      ]
    },
    {
      "value": "the poop",
      "synonyms": [
        "the poop",
        "poop"
      ]
    },
    {
      "value": "satanic bible",
      "synonyms": [
        "satanic bible",
        "the satanic bible"
      ]
    },
    {
      "value": "we need to go deeper!",
      "synonyms": [
        "we need to go deeper!",
        "shovel"
      ]
    },
    {
      "value": "white pony",
      "synonyms": [
        "white pony",
        "the white pony"
      ]
    },
    {
      "value": "diplopia",
      "synonyms": [
        "diplopia"
      ]
    },
    {
      "value": "d infinity",
      "synonyms": [
        "d infinity"
      ]
    },
    {
      "value": "dataminer",
      "synonyms": [
        "dataminer"
      ]
    },
    {
      "value": "mama mega!",
      "synonyms": [
        "mama mega!",
        "mama mega"
      ]
    },
    {
      "value": "wait what?",
      "synonyms": [
        "wait what?",
        "wait what"
      ]
    },
    {
      "value": "\"less than 3\"",
      "synonyms": [
        "less than 3"
      ]
    },
    {
      "value": "???\u0027s only friend",
      "synonyms": [
        "???\u0027s only friend",
        "blue baby\u0027s only friend",
        "question mark question mark question mark\u0027s only friend"
      ]
    },
    {
      "value": "1up!",
      "synonyms": [
        "1up!",
        "one up"
      ]
    },
    {
      "value": "20/20",
      "synonyms": [
        "20/20",
        "twenty twenty"
      ]
    },
    {
      "value": "anti-gravity",
      "synonyms": [
        "anti-gravity",
        "anti gravity"
      ]
    },
    {
      "value": "the battery",
      "synonyms": [
        "the battery",
        "battery"
      ]
    },
    {
      "value": "the belt",
      "synonyms": [
        "belt",
        "the belt"
      ]
    },
    {
      "value": "BFFS!",
      "synonyms": [
        "BFFS!",
        "bffs"
      ]
    },
    {
      "value": "BBF",
      "synonyms": [
        "BBF"
      ]
    },
    {
      "value": "the black bean",
      "synonyms": [
        "the black bean",
        "black bean"
      ]
    },
    {
      "value": "bobby-bomb",
      "synonyms": [
        "bobby-bomb",
        "bobby bomb"
      ]
    },
    {
      "value": "cat-o-nine-tails",
      "synonyms": [
        "cat-o-nine-tails",
        "cat o nine tails",
        "cat of nine tails"
      ]
    },
    {
      "value": "the common cold",
      "synonyms": [
        "the common cold",
        "common cold"
      ]
    },
    {
      "value": "the compass",
      "synonyms": [
        "the compass",
        "compass"
      ]
    },
    {
      "value": "cricket\u0027s body",
      "synonyms": [
        "cricket\u0027s body",
        "crickets body"
      ]
    },
    {
      "value": "cricket\u0027s head",
      "synonyms": [
        "cricket\u0027s head",
        "crickets head"
      ]
    },
    {
      "value": "daddy longlegs",
      "synonyms": [
        "daddy longlegs",
        "daddy long legs"
      ]
    },
    {
      "value": "a dollar",
      "synonyms": [
        "a dollar",
        "dollar bill",
        "dollar"
      ]
    },
    {
      "value": "e coli",
      "synonyms": [
        "e coli",
        "e. coli"
      ]
    },
    {
      "value": "godhead",
      "synonyms": [
        "godhead",
        "god head"
      ]
    },
    {
      "value": "guppy\u0027s head",
      "synonyms": [
        "guppy\u0027s head"
      ]
    },
    {
      "value": "guppy\u0027s paw",
      "synonyms": [
        "guppy\u0027s paw"
      ]
    },
    {
      "value": "guppy\u0027s collar",
      "synonyms": [
        "guppy\u0027s collar"
      ]
    },
    {
      "value": "guppy\u0027s hair ball",
      "synonyms": [
        "guppy\u0027s hair ball",
        "guppy\u0027s hairball"
      ]
    },
    {
      "value": "guppy\u0027s tail",
      "synonyms": [
        "guppy\u0027s tail"
      ]
    },
    {
      "value": "the halo",
      "synonyms": [
        "the halo",
        "halo"
      ]
    },
    {
      "value": "humbling bundle",
      "synonyms": [
        "humbling bundle",
        "one plus one pickups"
      ]
    },
    {
      "value": "habit",
      "synonyms": [
        "habit",
        "item martyr"
      ]
    },
    {
      "value": "the inner eye",
      "synonyms": [
        "the inner eye",
        "inner eye"
      ]
    },
    {
      "value": "judas\u0027 shadow",
      "synonyms": [
        "judas\u0027 shadow"
      ]
    },
    {
      "value": "key piece 1",
      "synonyms": [
        "key piece 1",
        "key piece one"
      ]
    },
    {
      "value": "key piece 2",
      "synonyms": [
        "key piece 2",
        "key piece 2"
      ]
    },
    {
      "value": "the ladder",
      "synonyms": [
        "the ladder",
        "ladder"
      ]
    },
    {
      "value": "lazurus\u0027 rags",
      "synonyms": [
        "lazurus\u0027 rags"
      ]
    },
    {
      "value": "lil brimstone",
      "synonyms": [
        "lil brimstone",
        "little brimstone",
        "little brim stone",
        "lil brim stone"
      ]
    },
    {
      "value": "lil haunt",
      "synonyms": [
        "lil haunt",
        "little haunt"
      ]
    },
    {
      "value": "little c.h.a.d.",
      "synonyms": [
        "little chad",
        "little c.h.a.d."
      ]
    },
    {
      "value": "a lump of coal",
      "synonyms": [
        "a lump of coal",
        "lump of coal",
        "the lump of coal"
      ]
    },
    {
      "value": "magic 8 ball",
      "synonyms": [
        "magic 8 ball",
        "magic eight ball",
        "8 ball",
        "eight ball"
      ]
    },
    {
      "value": "magic mushroom",
      "synonyms": [
        "magic mushroom",
        "magic mush"
      ]
    },
    {
      "value": "MEAT!",
      "synonyms": [
        "MEAT!",
        "meat",
        "meet"
      ]
    },
    {
      "value": "mini mush",
      "synonyms": [
        "mini mush",
        "mini mushroom"
      ]
    },
    {
      "value": "missing page 2",
      "synonyms": [
        "missing page 2",
        "missing page two",
        "missing page too",
        "missing page to"
      ]
    },
    {
      "value": "missing no.",
      "synonyms": [
        "missing no.",
        "missing no",
        "missing number"
      ]
    },
    {
      "value": "mitre",
      "synonyms": [
        "mitre",
        "meter"
      ]
    },
    {
      "value": "money \u003d power",
      "synonyms": [
        "money \u003d power",
        "money equals power"
      ]
    },
    {
      "value": "number one",
      "synonyms": [
        "number one",
        "number 1"
      ]
    },
    {
      "value": "odd mushroom large",
      "synonyms": [
        "odd mushroom large",
        "large odd mushroom"
      ]
    },
    {
      "value": "odd mushroom thin",
      "synonyms": [
        "odd mushroom thin",
        "thin odd mushroom",
        "odd mushroom small",
        "small odd mushroom"
      ]
    },
    {
      "value": "PHD",
      "synonyms": [
        "PHD"
      ]
    },
    {
      "value": "a quarter",
      "synonyms": [
        "a quarter",
        "quarter",
        "the quarter"
      ]
    },
    {
      "value": "robo-baby",
      "synonyms": [
        "robo-baby",
        "robo baby",
        "robot baby"
      ]
    },
    {
      "value": "robo-baby 2.0",
      "synonyms": [
        "robo-baby 2.0",
        "robo baby 2.0",
        "robot baby 2.0",
        "robo baby 2",
        "robot baby 2"
      ]
    },
    {
      "value": "the sad onion",
      "synonyms": [
        "the sad onion",
        "sad onion"
      ]
    },
    {
      "value": "screw",
      "synonyms": [
        "screw",
        "the screw"
      ]
    },
    {
      "value": "sharp plug",
      "synonyms": [
        "sharp plug",
        "charge with blood"
      ]
    },
    {
      "value": "sissy longlegs",
      "synonyms": [
        "sissy longlegs",
        "sissy long legs"
      ]
    },
    {
      "value": "the small rock",
      "synonyms": [
        "the small rock",
        "small rock"
      ]
    },
    {
      "value": "smb super fan",
      "synonyms": [
        "smb super fan",
        "super fan"
      ]
    },
    {
      "value": "a snack",
      "synonyms": [
        "a snack",
        "snack"
      ]
    },
    {
      "value": "squeezy",
      "synonyms": [
        "squeezy"
      ]
    },
    {
      "value": "synthoil",
      "synonyms": [
        "synthoil",
        "synthol"
      ]
    },
    {
      "value": "tech.5",
      "synonyms": [
        "tech.5",
        "tech point five"
      ]
    },
    {
      "value": "athame",
      "synonyms": [
        "athame"
      ]
    },
    {
      "value": "bumbo",
      "synonyms": [
        "bumbo"
      ]
    },
    {
      "value": "censer",
      "synonyms": [
        "censer",
        "censor",
        "sensor"
      ]
    },
    {
      "value": "crack jacks",
      "synonyms": [
        "crack jacks",
        "cracker jacks"
      ]
    },
    {
      "value": "crown of light",
      "synonyms": [
        "crown of light",
        "blue crown"
      ]
    },
    {
      "value": "explosivo",
      "synonyms": [
        "explosivo",
        "explosive o"
      ]
    },
    {
      "value": "gb bug",
      "synonyms": [
        "gb bug",
        "game boy bug"
      ]
    },
    {
      "value": "lil chest",
      "synonyms": [
        "lil chest",
        "little chest"
      ]
    },
    {
      "value": "lil gurdy",
      "synonyms": [
        "lil gurdy",
        "little gurdy"
      ]
    },
    {
      "value": "lil\u0027 loki",
      "synonyms": [
        "lil\u0027 loki",
        "little loki",
        "lil loki"
      ]
    },
    {
      "value": "milk!",
      "synonyms": [
        "milk!",
        "milk"
      ]
    },
    {
      "value": "no. 2",
      "synonyms": [
        "no. 2",
        "number 2"
      ]
    },
    {
      "value": "pjs",
      "synonyms": [
        "pjs",
        "pajamas"
      ]
    },
    {
      "value": "apple!",
      "synonyms": [
        "apple!",
        "apple"
      ]
    },
    {
      "value": "dark prince\u0027s crown",
      "synonyms": [
        "dark prince\u0027s crown",
        "red crown"
      ]
    },
    {
      "value": "finger!",
      "synonyms": [
        "finger!",
        "finger"
      ]
    },
    {
      "value": "hushy",
      "synonyms": [
        "hushy"
      ]
    },
    {
      "value": "lil delirium",
      "synonyms": [
        "lil delirium",
        "little delirium"
      ]
    },
    {
      "value": "lil monstro",
      "synonyms": [
        "lil monstro",
        "little monstro"
      ]
    },
    {
      "value": "polydactyly",
      "synonyms": [
        "polydactyly",
        "polydactyl"
      ]
    },
    {
      "value": "poke go",
      "synonyms": [
        "poke go"
      ]
    },
    {
      "value": "yo listen!",
      "synonyms": [
        "yo listen!",
        "yo listen",
        "navi"
      ]
    }
  ],
  "isEnum": false,
  "automatedExpansion": false
}