{
  "id": "731e0b52-cc08-4a7b-89b4-375362649b66",
  "name": "pills",
  "isOverridable": true,
  "entries": [
    {
      "value": "48 hour energy",
      "synonyms": [
        "48 hour energy"
      ]
    },
    {
      "value": "amnesia",
      "synonyms": [
        "amnesia"
      ]
    },
    {
      "value": "bad gas",
      "synonyms": [
        "bad gas"
      ]
    },
    {
      "value": "bad trip",
      "synonyms": [
        "bad trip"
      ]
    },
    {
      "value": "balls of steel",
      "synonyms": [
        "balls of steel"
      ]
    },
    {
      "value": "bombs are key",
      "synonyms": [
        "bombs are key"
      ]
    },
    {
      "value": "explosive diarhhea",
      "synonyms": [
        "explosive diarhhea"
      ]
    },
    {
      "value": "full health",
      "synonyms": [
        "full health"
      ]
    },
    {
      "value": "health down",
      "synonyms": [
        "health down"
      ]
    },
    {
      "value": "health up",
      "synonyms": [
        "health up"
      ]
    },
    {
      "value": "hematemesis",
      "synonyms": [
        "hematemesis"
      ]
    },
    {
      "value": "i can see forever",
      "synonyms": [
        "i can see forever"
      ]
    },
    {
      "value": "i found pills",
      "synonyms": [
        "i found pills"
      ]
    },
    {
      "value": "lemon party",
      "synonyms": [
        "lemon party"
      ]
    },
    {
      "value": "luck down",
      "synonyms": [
        "luck down"
      ]
    },
    {
      "value": "luck up",
      "synonyms": [
        "luck up"
      ]
    },
    {
      "value": "paralysis",
      "synonyms": [
        "paralysis"
      ]
    },
    {
      "value": "pheromones",
      "synonyms": [
        "pheromones"
      ]
    },
    {
      "value": "puberty",
      "synonyms": [
        "puberty"
      ]
    },
    {
      "value": "pretty fly",
      "synonyms": [
        "pretty fly"
      ]
    },
    {
      "value": "range down",
      "synonyms": [
        "range down"
      ]
    },
    {
      "value": "range up",
      "synonyms": [
        "range up"
      ]
    },
    {
      "value": "r u a wizard?",
      "synonyms": [
        "r u a wizard?",
        "are you a wizard"
      ]
    },
    {
      "value": "speed down",
      "synonyms": [
        "speed down"
      ]
    },
    {
      "value": "speed up",
      "synonyms": [
        "speed up"
      ]
    },
    {
      "value": "tears down",
      "synonyms": [
        "tears down"
      ]
    },
    {
      "value": "tears up",
      "synonyms": [
        "tears up"
      ]
    },
    {
      "value": "telepills",
      "synonyms": [
        "telepills"
      ]
    },
    {
      "value": "addicted",
      "synonyms": [
        "addicted"
      ]
    },
    {
      "value": "friends till the end!",
      "synonyms": [
        "friends till the end!",
        "friends til the end",
        "friends until the end"
      ]
    },
    {
      "value": "infested!",
      "synonyms": [
        "infested!"
      ]
    },
    {
      "value": "infested?",
      "synonyms": [
        "infested?"
      ]
    },
    {
      "value": "one makes you small",
      "synonyms": [
        "one which makes you small",
        "one makes you small"
      ]
    },
    {
      "value": "one makes you larger",
      "synonyms": [
        "one makes you larger",
        "one makes you large",
        "one which makes you large",
        "one which makes you larger"
      ]
    },
    {
      "value": "percs",
      "synonyms": [
        "percs",
        "perks"
      ]
    },
    {
      "value": "power pill",
      "synonyms": [
        "power pill"
      ]
    },
    {
      "value": "re-lax",
      "synonyms": [
        "re-lax",
        "relax"
      ]
    },
    {
      "value": "retro vision",
      "synonyms": [
        "retro vision"
      ]
    },
    {
      "value": "???",
      "synonyms": [
        "???",
        "question mark question mark question mark",
        "three question marks",
        "triple question mark"
      ]
    },
    {
      "value": "feels like i\u0027m walking on sunshine!",
      "synonyms": [
        "feels like i\u0027m walking on sunshine!",
        "feels like i\u0027m walking on sunshine"
      ]
    },
    {
      "value": "gulp!",
      "synonyms": [
        "gulp!",
        "gulp"
      ]
    },
    {
      "value": "horf!",
      "synonyms": [
        "horf!",
        "horf"
      ]
    },
    {
      "value": "i\u0027m drowsy...",
      "synonyms": [
        "i\u0027m drowsy...",
        "i\u0027m drowsy"
      ]
    },
    {
      "value": "i\u0027m excited!!!",
      "synonyms": [
        "i\u0027m excited",
        "i\u0027m excited!!!"
      ]
    },
    {
      "value": "something\u0027s wrong...",
      "synonyms": [
        "something\u0027s wrong...",
        "something\u0027s wrong"
      ]
    },
    {
      "value": "vurp!",
      "synonyms": [
        "vurp!",
        "vurp"
      ]
    },
    {
      "value": "x-lax",
      "synonyms": [
        "x-lax",
        "x lax"
      ]
    }
  ],
  "isEnum": false,
  "automatedExpansion": false
}