{
  "id": "5243e0e9-4682-4ee1-9a73-9b344b67ee22",
  "name": "trinket",
  "isOverridable": true,
  "entries": [
    {
      "value": "???\u0027s soul",
      "synonyms": [
        "???\u0027s soul",
        "question mark question mark question mark\u0027s soul",
        "blue baby\u0027s soul"
      ]
    },
    {
      "value": "aaa battery",
      "synonyms": [
        "aaa battery",
        "triple a battery"
      ]
    },
    {
      "value": "butter!",
      "synonyms": [
        "butter!",
        "butter"
      ]
    },
    {
      "value": "cain\u0027s eye",
      "synonyms": [
        "cain\u0027s eye",
        "canes eye",
        "cane\u0027s eye"
      ]
    },
    {
      "value": "daemon\u0027s tail",
      "synonyms": [
        "daemon\u0027s tail"
      ]
    },
    {
      "value": "equality!",
      "synonyms": [
        "equality!",
        "equality"
      ]
    },
    {
      "value": "error",
      "synonyms": [
        "error",
        "404"
      ]
    },
    {
      "value": "lil larve",
      "synonyms": [
        "little larva",
        "lil larva"
      ]
    },
    {
      "value": "no!",
      "synonyms": [
        "no!",
        "no",
        "never again"
      ]
    },
    {
      "value": "ouroboros worm",
      "synonyms": [
        "ouroboros worm",
        "black worm"
      ]
    },
    {
      "value": "tick",
      "synonyms": [
        "tick",
        "the tick"
      ]
    },
    {
      "value": "a missing page",
      "synonyms": [
        "a missing page",
        "missing page"
      ]
    },
    {
      "value": "ace of spaces",
      "synonyms": [
        "ace of spaces"
      ]
    },
    {
      "value": "bag lunch",
      "synonyms": [
        "bag lunch"
      ]
    },
    {
      "value": "bat wing",
      "synonyms": [
        "bat wing"
      ]
    },
    {
      "value": "bible tract",
      "synonyms": [
        "bible tract"
      ]
    },
    {
      "value": "black feather",
      "synonyms": [
        "black feather"
      ]
    },
    {
      "value": "black lipstick",
      "synonyms": [
        "black lipstick"
      ]
    },
    {
      "value": "black tooth",
      "synonyms": [
        "black tooth"
      ]
    },
    {
      "value": "blasting cap",
      "synonyms": [
        "blasting cap"
      ]
    },
    {
      "value": "blind rage",
      "synonyms": [
        "blind rage"
      ]
    },
    {
      "value": "blister",
      "synonyms": [
        "blister"
      ]
    },
    {
      "value": "bloody crown",
      "synonyms": [
        "bloody crown"
      ]
    },
    {
      "value": "bob\u0027s bladder",
      "synonyms": [
        "bob\u0027s bladder"
      ]
    },
    {
      "value": "broken ankh",
      "synonyms": [
        "broken ankh"
      ]
    },
    {
      "value": "broken magnet",
      "synonyms": [
        "broken magnet"
      ]
    },
    {
      "value": "broken remote",
      "synonyms": [
        "broken remote"
      ]
    },
    {
      "value": "brown cap",
      "synonyms": [
        "brown cap"
      ]
    },
    {
      "value": "burnt penny",
      "synonyms": [
        "burnt penny"
      ]
    },
    {
      "value": "butt penny",
      "synonyms": [
        "butt penny"
      ]
    },
    {
      "value": "callus",
      "synonyms": [
        "callus"
      ]
    },
    {
      "value": "cancer",
      "synonyms": [
        "cancer"
      ]
    },
    {
      "value": "cartridge",
      "synonyms": [
        "cartridge"
      ]
    },
    {
      "value": "child leash",
      "synonyms": [
        "child leash"
      ]
    },
    {
      "value": "child\u0027s heart",
      "synonyms": [
        "child\u0027s heart"
      ]
    },
    {
      "value": "counterfeit penny",
      "synonyms": [
        "counterfeit penny"
      ]
    },
    {
      "value": "cracked crown",
      "synonyms": [
        "cracked crown"
      ]
    },
    {
      "value": "cracked dice",
      "synonyms": [
        "cracked dice"
      ]
    },
    {
      "value": "crow heart",
      "synonyms": [
        "crow heart"
      ]
    },
    {
      "value": "cursed skull",
      "synonyms": [
        "cursed skull"
      ]
    },
    {
      "value": "curved horn",
      "synonyms": [
        "curved horn"
      ]
    },
    {
      "value": "dim bulb",
      "synonyms": [
        "dim bulb"
      ]
    },
    {
      "value": "duct tape",
      "synonyms": [
        "duct tape"
      ]
    },
    {
      "value": "endless nameless",
      "synonyms": [
        "endless nameless"
      ]
    },
    {
      "value": "eve\u0027s bird foot",
      "synonyms": [
        "eve\u0027s bird foot"
      ]
    },
    {
      "value": "faded polaroid",
      "synonyms": [
        "faded polaroid"
      ]
    },
    {
      "value": "filigree feather",
      "synonyms": [
        "filigree feather"
      ]
    },
    {
      "value": "fish head",
      "synonyms": [
        "fish head"
      ]
    },
    {
      "value": "fish tail",
      "synonyms": [
        "fish tail"
      ]
    },
    {
      "value": "flat penny",
      "synonyms": [
        "flat penny"
      ]
    },
    {
      "value": "flat worm",
      "synonyms": [
        "flat worm"
      ]
    },
    {
      "value": "fragmented card",
      "synonyms": [
        "fragmented card"
      ]
    },
    {
      "value": "goat hoof",
      "synonyms": [
        "goat hoof"
      ]
    },
    {
      "value": "golden horse shoe",
      "synonyms": [
        "golden horse shoe"
      ]
    },
    {
      "value": "hairpin",
      "synonyms": [
        "hairpin"
      ]
    },
    {
      "value": "hook worm",
      "synonyms": [
        "hook worm"
      ]
    },
    {
      "value": "isaac\u0027s fork",
      "synonyms": [
        "isaac\u0027s fork"
      ]
    },
    {
      "value": "isaac\u0027s head",
      "synonyms": [
        "isaac\u0027s head"
      ]
    },
    {
      "value": "judas\u0027 tongue",
      "synonyms": [
        "judas\u0027 tongue"
      ]
    },
    {
      "value": "karma",
      "synonyms": [
        "karma"
      ]
    },
    {
      "value": "lazy worm",
      "synonyms": [
        "lazy worm"
      ]
    },
    {
      "value": "liberty cap",
      "synonyms": [
        "liberty cap"
      ]
    },
    {
      "value": "locust of conquest",
      "synonyms": [
        "locust of conquest"
      ]
    },
    {
      "value": "locust of death",
      "synonyms": [
        "locust of death"
      ]
    },
    {
      "value": "locust of famine",
      "synonyms": [
        "locust of famine"
      ]
    },
    {
      "value": "locust of pestilence",
      "synonyms": [
        "locust of pestilence"
      ]
    },
    {
      "value": "locust of wrath",
      "synonyms": [
        "locust of wrath"
      ]
    },
    {
      "value": "lost cork",
      "synonyms": [
        "lost cork"
      ]
    },
    {
      "value": "louse",
      "synonyms": [
        "louse"
      ]
    },
    {
      "value": "lucky rock",
      "synonyms": [
        "lucky rock"
      ]
    },
    {
      "value": "lucky toe",
      "synonyms": [
        "lucky toe"
      ]
    },
    {
      "value": "maggy\u0027s faith",
      "synonyms": [
        "maggy\u0027s faith"
      ]
    },
    {
      "value": "match stick",
      "synonyms": [
        "match stick"
      ]
    },
    {
      "value": "meconium",
      "synonyms": [
        "meconium"
      ]
    },
    {
      "value": "missing poster",
      "synonyms": [
        "missing poster"
      ]
    },
    {
      "value": "mom\u0027s locket",
      "synonyms": [
        "mom\u0027s locket"
      ]
    },
    {
      "value": "mom\u0027s pearl",
      "synonyms": [
        "mom\u0027s pearl"
      ]
    },
    {
      "value": "mom\u0027s toenail",
      "synonyms": [
        "mom\u0027s toenail"
      ]
    },
    {
      "value": "monkey paw",
      "synonyms": [
        "monkey paw"
      ]
    },
    {
      "value": "mysterious candy",
      "synonyms": [
        "mysterious candy"
      ]
    },
    {
      "value": "mysterious paper",
      "synonyms": [
        "mysterious paper"
      ]
    },
    {
      "value": "nose goblin",
      "synonyms": [
        "nose goblin"
      ]
    },
    {
      "value": "paper clip",
      "synonyms": [
        "paper clip"
      ]
    },
    {
      "value": "pay to win",
      "synonyms": [
        "pay to win"
      ]
    },
    {
      "value": "petrified poop",
      "synonyms": [
        "petrified poop"
      ]
    },
    {
      "value": "pinky eye",
      "synonyms": [
        "pinky eye"
      ]
    },
    {
      "value": "poker chip",
      "synonyms": [
        "poker chip"
      ]
    },
    {
      "value": "pulse worm",
      "synonyms": [
        "pulse worm"
      ]
    },
    {
      "value": "purple heart",
      "synonyms": [
        "purple heart"
      ]
    },
    {
      "value": "push pin",
      "synonyms": [
        "push pin"
      ]
    },
    {
      "value": "rainbow worm",
      "synonyms": [
        "rainbow worm"
      ]
    },
    {
      "value": "red patch",
      "synonyms": [
        "red patch"
      ]
    },
    {
      "value": "rib of greed",
      "synonyms": [
        "rib of greed"
      ]
    },
    {
      "value": "ring worm",
      "synonyms": [
        "ring worm"
      ]
    },
    {
      "value": "rosary bead",
      "synonyms": [
        "rosary bead"
      ]
    },
    {
      "value": "rusted key",
      "synonyms": [
        "rusted key"
      ]
    },
    {
      "value": "safety cap",
      "synonyms": [
        "safety cap"
      ]
    },
    {
      "value": "safety scissors",
      "synonyms": [
        "safety scissors"
      ]
    },
    {
      "value": "samson\u0027s lock",
      "synonyms": [
        "samson\u0027s lock"
      ]
    },
    {
      "value": "second hand",
      "synonyms": [
        "second hand"
      ]
    },
    {
      "value": "shiny rock",
      "synonyms": [
        "shiny rock"
      ]
    },
    {
      "value": "silver dollar",
      "synonyms": [
        "silver dollar"
      ]
    },
    {
      "value": "stem cell",
      "synonyms": [
        "stem cell"
      ]
    },
    {
      "value": "store credit",
      "synonyms": [
        "store credit"
      ]
    },
    {
      "value": "store key",
      "synonyms": [
        "store key"
      ]
    },
    {
      "value": "stud finder",
      "synonyms": [
        "stud finder"
      ]
    },
    {
      "value": "super ball",
      "synonyms": [
        "super ball"
      ]
    },
    {
      "value": "super magnet",
      "synonyms": [
        "super magnet"
      ]
    },
    {
      "value": "swallowed penny",
      "synonyms": [
        "swallowed penny"
      ]
    },
    {
      "value": "tape worm",
      "synonyms": [
        "tape worm"
      ]
    },
    {
      "value": "the left hand",
      "synonyms": [
        "the left hand",
        "left hand"
      ]
    },
    {
      "value": "tick",
      "synonyms": [
        "tick",
        "the tick"
      ]
    },
    {
      "value": "tonsil",
      "synonyms": [
        "tonsil"
      ]
    },
    {
      "value": "umbilical cord",
      "synonyms": [
        "umbilical cord"
      ]
    },
    {
      "value": "used diaper",
      "synonyms": [
        "used diaper"
      ]
    },
    {
      "value": "vibrant bulb",
      "synonyms": [
        "vibrant bulb",
        "lit bulb"
      ]
    },
    {
      "value": "walnut",
      "synonyms": [
        "walnut"
      ]
    },
    {
      "value": "watch battery",
      "synonyms": [
        "watch battery"
      ]
    },
    {
      "value": "whip worm",
      "synonyms": [
        "whip worm"
      ]
    },
    {
      "value": "wiggle worm",
      "synonyms": [
        "wiggle worm"
      ]
    },
    {
      "value": "wish bone",
      "synonyms": [
        "wish bone"
      ]
    },
    {
      "value": "wooden cross",
      "synonyms": [
        "wooden cross"
      ]
    }
  ],
  "isEnum": false,
  "automatedExpansion": false
}